work_hours,meetings_count,task_completion_rate,burnout_score,burnout_risk
9.59,4,91.2,19.17,Low
7.38,4,82.0,29.7,Low
6.31,1,80.6,32.93,Low
8.34,4,70.0,45.47,Low
6.97,1,67.1,51.61,Low
7.24,1,69.1,54.16,Low
8.09,6,58.4,68.83,Low
7.15,3,46.9,78.89,Medium
8.72,1,49.8,84.39,Medium
5.93,0,55.6,83.86,Medium
3.0,3,84.2,17.37,Low
7.96,3,98.3,14.76,Low
5.05,0,84.5,20.89,Low
3.79,3,90.3,20.52,Low
4.69,1,85.8,23.1,Low
3.0,0,85.1,23.44,Low
6.49,3,79.0,28.23,Low
10.04,3,80.7,31.62,Low
3.12,0,77.3,32.6,Low
6.83,7,74.4,36.7,Low
4.49,2,72.14111731843576,3.78,Low
5.47,2,92.3,9.83,Low
7.71,1,86.0,14.72,Low
8.94,4,84.4,19.01,Low
6.99,1,90.1,18.12,Low
7.69,6,86.7,23.36,Low
10.01,3,79.3,29.98,Low
3.85,1,82.8,29.12,Low
4.31,3,80.8,31.2,Low
5.54,2,78.6,33.26,Low
9.43,3,98.4,18.66,Low
3.81,2,89.3,24.25,Low
4.6,0,86.4,26.79,Low
5.42,1,81.1,31.26,Low
5.5,2,75.0,38.22,Low
3.28,1,78.3,37.68,Low
4.91,0,76.1,38.86,Low
9.24,2,77.9,43.47,Low
6.05,1,59.2,55.61,Low
9.01,4,56.2,66.05,Low
10.73,3,83.7,19.12,Low
5.59,0,93.5,17.49,Low
3.78,1,80.0,24.92,Low
6.54,1,86.6,24.99,Low
10.0,1,77.9,34.9,Low
4.09,0,82.5,33.75,Low
3.36,2,67.6,39.77,Low
6.92,1,74.3,40.78,Low
8.91,5,71.4,50.65,Low
4.74,0,60.8,54.85,Low
4.78,2,97.5,8.29,Low
6.12,2,82.9,20.43,Low
8.82,4,87.3,26.64,Low
4.22,2,87.3,28.52,Low
5.65,2,73.8,36.97,Low
3.34,0,85.1,30.66,Low
4.03,0,79.6,34.08,Low
9.56,3,74.5,44.12,Low
8.01,6,58.7,58.57,Low
3.49,1,71.1,54.23,Low
3.74,0,96.7,9.09,Low
5.89,2,93.1,14.62,Low
7.24,3,81.6,24.06,Low
9.34,4,74.7,32.3,Low
4.63,2,69.8,34.7,Low
3.94,1,78.9,31.55,Low
8.74,2,69.2,40.32,Low
7.2,0,70.0,43.07,Low
8.49,2,68.1,47.31,Low
3.71,1,79.4,42.42,Low
4.14,1,98.8,9.1,Low
6.84,1,81.8,21.84,Low
7.88,2,77.5,31.84,Low
7.13,6,71.4,45.6,Low
6.62,0,75.4,47.78,Low
3.0,1,62.1,55.25,Low
6.34,0,58.2,61.3,Low
9.0,5,47.3,78.28,Medium
7.69,4,42.3,91.17,Medium
3.91,0,40.9,96.5,Medium
6.89,1,86.4,16.7,Low
4.01,2,95.9,14.02,Low
9.24,0,81.2,25.29,Low
3.49,1,94.2,19.95,Low
3.94,0,79.8,26.72,Low
3.0,2,79.5,28.62,Low
3.88,0,85.7,28.29,Low
5.19,0,82.8,32.5,Low
5.03,0,75.8,36.75,Low
5.98,2,71.8,41.86,Low
4.33,0,90.2,12.76,Low
8.29,2,89.0,21.98,Low
4.6,2,89.2,25.3,Low
8.07,6,59.2,46.19,Low
6.18,4,63.6,52.92,Low
4.75,0,64.1,53.89,Low
3.0,0,67.4,51.02,Low
8.29,2,58.7,64.32,Low
7.78,4,52.2,79.07,Medium
5.34,1,45.7,85.6,Medium
6.85,0,91.8,17.07,Low
7.7,3,83.2,30.46,Low
6.58,0,70.2,41.38,Low
5.77,1,59.7,53.2,Low
3.98,0,56.4,56.39,Low
4.81,1,55.2,62.21,Low
5.32,1,54.1,67.77,Low
5.13,1,54.3,71.46,Medium
8.78,0,48.7,81.87,Medium
9.19,1,41.1,95.98,Medium
8.16,4,85.2,22.74,Low
5.08,1,77.7,28.95,Low
7.97,5,86.3,32.82,Low
5.59,2,75.1,41.39,Low
8.62,3,68.5,53.76,Low
3.0,2,67.4,53.8,Low
3.0,0,66.7,52.84,Low
5.29,1,59.8,59.74,Low
3.73,1,62.1,58.22,Low
3.0,0,59.1,59.59,Low
8.88,5,80.0,22.36,Low
9.22,1,75.5,30.86,Low
8.74,5,77.8,37.77,Low
5.06,2,74.4,42.75,Low
5.65,2,68.9,46.89,Low
3.86,1,68.3,48.63,Low
7.14,2,62.0,55.11,Low
10.04,1,56.3,63.82,Low
4.74,2,65.3,62.8,Low
3.0,2,63.0,63.84,Low
3.0,1,88.5,11.02,Low
4.24,2,94.9,9.23,Low
5.05,1,91.4,13.35,Low
9.76,2,83.8,22.16,Low
7.53,1,86.2,25.43,Low
8.03,2,70.7,36.54,Low
7.88,3,68.8,42.97,Low
5.13,2,69.2,45.23,Low
4.08,1,75.7,43.8,Low
4.4,2,71.7,48.61,Low
8.02,4,82.6,25.75,Low
4.71,2,78.0,30.57,Low
7.56,2,83.4,35.76,Low
8.89,7,64.0,56.49,Low
8.83,2,49.6,74.52,Medium
9.96,3,40.0,90.0,Medium
5.2,2,40.0,95.41,Medium
7.87,4,40.0,42.54148043108337,Medium
9.05,2,40.0,42.54148043108337,High
5.69,0,40.0,42.54148043108337,High
10.13,2,92.0,15.64,Low
4.93,0,89.2,18.13,Low
3.0,1,91.8,17.84,Low
3.37,2,86.6,22.18,Low
8.48,3,66.6,37.16,Low
6.97,2,75.6,37.67,Low
7.93,2,83.0,38.16,Low
10.09,1,73.0,47.61,Low
4.74,1,65.0,54.03,Low
7.87,2,72.2,56.37,Low
5.41,1,94.5,8.44,Low
8.18,3,88.3,17.34,Low
8.83,2,84.0,25.41,Low
3.7,1,85.5,24.95,Low
7.14,1,81.3,31.22,Low
8.18,8,73.3,43.64,Low
6.35,1,61.4,53.43,Low
8.93,2,61.4,59.92,Low
4.64,1,54.6,65.58,Low
5.82,0,63.1,65.06,Low
9.89,1,79.4,23.33,Low
6.76,3,84.3,27.56,Low
7.71,4,71.8,39.33,Low
3.95,1,73.5,40.79,Low
6.44,2,67.3,48.35,Low
9.36,4,60.8,58.38,Low
3.08,0,60.5,59.21,Low
3.32,0,57.6,59.71,Low
8.69,2,49.5,70.01,Medium
3.35,3,63.2,66.46,Low
7.88,4,82.0,26.85,Low
8.65,5,72.3,40.81,Low
4.05,1,64.0,47.27,Low
10.07,1,73.7,53.77,Low
9.07,3,54.6,71.39,Medium
8.74,0,52.0,79.75,Medium
4.87,1,52.3,80.81,Medium
8.51,3,40.0,93.86,Medium
4.19,0,40.0,94.83,Medium
3.0,1,44.5,93.79,Medium
4.02,1,88.1,14.65,Low
3.0,1,95.6,13.5,Low
4.89,3,86.5,21.44,Low
7.92,2,88.3,29.53,Low
4.8,2,69.8,41.44,Low
4.4,0,69.0,44.41,Low
5.1,2,66.9,47.11,Low
4.32,1,71.0,46.36,Low
6.87,1,66.2,51.99,Low
9.33,4,69.9,58.24,Low
5.97,0,80.2,19.01,Low
4.63,0,79.2,22.18,Low
6.83,1,84.0,25.61,Low
6.85,2,70.1,34.73,Low
5.35,0,74.3,35.97,Low
4.51,2,71.1,39.1,Low
4.56,1,70.1,42.83,Low
3.83,1,73.4,43.55,Low
9.91,3,65.9,54.85,Low
6.58,2,59.5,62.24,Low
9.82,1,74.0,26.38,Low
9.68,5,76.2,33.16,Low
5.81,2,78.4,34.59,Low
7.91,4,75.8,41.41,Low
4.9,0,69.5,44.38,Low
6.91,1,65.2,48.79,Low
8.22,6,58.2,57.26,Low
5.37,2,68.3,54.6,Low
4.71,1,54.2,61.68,Low
6.99,2,55.4,64.74,Low
11.64,2,84.5,23.31,Low
3.27,0,87.1,23.08,Low
4.32,0,86.3,23.29,Low
7.65,1,86.6,25.85,Low
5.81,3,76.4,33.04,Low
9.43,4,70.4,43.19,Low
7.85,2,70.2,46.36,Low
7.84,1,67.2,50.73,Low
7.57,6,56.7,60.06,Low
3.75,1,59.3,60.96,Low
7.37,5,78.5,26.46,Low
3.07,0,83.8,22.97,Low
8.26,3,74.6,37.69,Low
6.54,1,73.3,41.7,Low
3.66,1,69.9,43.7,Low
9.72,2,71.0,53.25,Low
5.51,3,75.9,55.11,Low
9.06,2,56.2,73.31,Medium
3.4,2,45.8,79.81,Medium
9.53,3,43.2,89.43,Medium
9.02,5,73.9,27.89,Low
7.46,2,81.9,30.24,Low
3.18,3,76.0,37.99,Low
8.38,3,73.8,46.72,Low
9.51,5,61.6,64.37,Low
8.24,2,55.9,73.49,Medium
4.44,0,56.0,75.22,Medium
8.65,3,50.8,84.49,Medium
4.92,1,44.7,89.82,Medium
8.63,2,40.0,42.54148043108337,Medium
5.83,1,88.5,15.86,Low
5.13,1,95.1,17.23,Low
7.69,2,77.7,30.19,Low
5.07,2,88.0,30.5,Low
6.49,1,70.3,41.17,Low
6.55,1,71.8,44.52,Low
4.33,1,82.4,40.2,Low
4.16,0,77.6,42.55,Low
3.0,1,67.9,45.85,Low
8.12,4,68.3,54.61,Low
3.87,0,92.3,12.88,Low
9.38,3,89.8,22.11,Low
3.0,0,82.8,26.63,Low
8.17,4,64.0,42.74,Low
8.49,5,58.9,54.81,Low
3.0,2,62.6,55.47,Low
4.54,0,59.5,58.91,Low
8.86,2,67.1,65.03,Low
7.74,3,56.2,77.02,Medium
3.18,1,44.2,82.64,Medium
7.26,2,88.9,18.35,Low
4.52,0,76.9,29.02,Low
8.6,2,76.8,38.9,Low
8.16,2,64.4,53.47,Low
3.35,0,72.4,52.26,Low
8.48,3,50.5,73.28,Medium
9.07,3,52.3,83.97,Medium
7.76,3,40.0,96.82,Medium
4.16,1,40.0,99.22,Medium
3.45,0,40.0,98.64,Medium
9.65,1,83.9,24.39,Low
8.99,4,76.6,36.45,Low
5.06,1,78.0,37.99,Low
8.66,1,63.2,51.94,Low
5.95,1,62.7,56.75,Low
5.93,1,61.5,60.8,Low
4.39,2,58.0,67.82,Low
3.21,2,67.5,63.35,Low
7.86,1,50.1,78.2,Medium
8.19,4,48.2,87.92,Medium
6.9,5,87.2,16.34,Low
3.0,1,83.1,18.67,Low
8.84,2,84.4,23.88,Low
3.31,1,93.1,23.05,Low
9.63,2,70.3,39.01,Low
7.62,3,73.2,44.75,Low
3.35,0,73.3,43.66,Low
4.7,1,72.9,45.38,Low
7.37,2,60.7,56.09,Low
4.04,2,59.6,58.61,Low
8.46,4,76.0,24.75,Low
3.0,0,91.8,17.88,Low
7.65,6,76.7,33.37,Low
7.21,1,71.5,42.71,Low
10.4,3,60.4,57.71,Low
8.1,1,52.0,70.4,Medium
4.54,1,58.2,70.14,Medium
9.04,4,49.7,82.41,Medium
3.2,1,54.9,78.59,Medium
3.8,0,50.5,79.52,Medium
7.74,3,85.0,20.75,Low
9.64,5,79.6,37.36,Low
8.82,3,65.8,53.41,Low
8.79,3,58.4,68.94,Low
6.1,3,54.4,76.87,Medium
10.44,1,40.0,95.24,Medium
10.29,3,40.0,42.54148043108337,High
6.54,5,40.0,42.54148043108337,High
10.15,4,40.0,42.54148043108337,High
8.31,4,40.0,42.54148043108337,High
6.02,0,89.7,16.68,Low
7.22,6,71.5,34.73,Low
8.01,3,71.5,45.12,Low
9.01,5,61.1,64.26,Low
7.91,4,52.8,77.92,Medium
9.74,3,40.0,93.98,Medium
6.25,2,40.0,42.54148043108337,Medium
9.97,2,40.0,42.54148043108337,High
8.91,1,40.0,42.54148043108337,High
7.35,7,40.0,42.54148043108337,High
8.5,2,84.6,22.33,Low
6.13,1,79.2,29.27,Low
9.59,6,68.6,45.52,Low
5.16,1,66.0,47.94,Low
4.23,3,56.7,55.24,Low
5.72,1,59.3,57.97,Low
3.67,2,57.5,59.8,Low
8.37,4,57.4,68.82,Low
8.55,6,52.3,79.32,Medium
8.4,1,42.5,89.1,Medium
8.0,2,83.6,21.47,Low
10.27,2,73.8,35.11,Low
3.45,0,80.2,32.62,Low
7.45,2,76.4,41.61,Low
4.96,0,73.1,44.41,Low
8.28,5,68.3,56.09,Low
3.2,1,58.7,59.21,Low
4.04,0,67.0,59.28,Low
4.4,0,59.9,65.46,Low
6.47,3,43.7,82.19,Medium
7.76,1,90.0,16.3,Low
3.94,0,92.0,15.82,Low
8.5,3,83.6,23.79,Low
4.22,0,77.7,27.79,Low
3.11,1,87.4,23.42,Low
9.73,5,85.4,29.83,Low
3.0,1,78.5,32.74,Low
3.96,1,79.8,33.25,Low
7.48,3,71.2,42.01,Low
8.93,1,67.4,48.11,Low
7.81,0,80.4,19.91,Low
11.03,2,82.4,25.67,Low
3.99,1,94.7,20.84,Low
10.32,1,82.0,30.2,Low
3.26,0,77.3,32.23,Low
8.58,1,79.6,36.3,Low
8.04,2,67.8,45.49,Low
8.5,9,62.9,55.36,Low
6.36,2,64.5,58.19,Low
3.37,0,67.1,57.56,Low
6.42,0,90.2,17.38,Low
5.65,1,80.1,25.47,Low
5.94,4,75.8,32.1,Low
3.0,0,79.1,30.59,Low
5.63,1,78.2,34.72,Low
7.08,0,66.5,43.74,Low
9.33,2,60.8,54.58,Low
3.0,1,61.3,57.23,Low
3.3,1,68.7,56.02,Low
9.06,1,48.8,71.81,Medium
8.82,4,82.9,26.43,Low
5.08,3,76.6,33.72,Low
8.2,3,67.6,46.01,Low
12.14,1,64.2,60.03,Low
3.49,1,54.0,66.01,Low
3.93,2,47.3,70.4,Medium
4.28,2,56.5,69.1,Low
4.29,0,52.7,72.87,Medium
9.98,2,42.7,88.42,Medium
8.35,2,40.0,97.76,Medium
9.53,4,81.8,24.88,Low
5.51,0,81.7,29.62,Low
4.95,1,76.7,34.35,Low
9.56,3,66.0,51.07,Low
4.21,2,72.5,50.96,Low
3.0,3,66.0,59.05,Low
8.47,2,47.8,76.15,Medium
5.35,1,44.2,81.53,Medium
7.63,1,40.8,89.69,Medium
6.86,3,40.0,97.46,Medium
9.7,4,82.8,30.28,Low
6.03,1,76.2,36.45,Low
8.77,5,66.5,50.36,Low
8.76,1,58.4,62.34,Low
5.38,1,50.6,72.38,Medium
7.4,1,49.2,79.17,Medium
9.58,2,40.9,90.61,Medium
6.62,1,44.6,95.34,Medium
3.76,1,47.5,93.89,Medium
3.1,1,40.0,98.17,Medium
7.55,0,90.4,21.29,Low
3.0,1,78.0,25.26,Low
8.36,1,66.8,39.18,Low
8.1,1,80.8,39.19,Low
5.12,1,63.1,50.34,Low
8.97,1,49.9,65.5,Low
3.26,1,65.8,57.88,Low
5.44,0,55.4,64.71,Low
5.36,2,65.9,65.68,Low
6.35,2,53.3,76.75,Medium
5.29,1,88.3,13.86,Low
9.19,2,93.5,18.1,Low
7.58,1,79.0,31.17,Low
3.18,0,85.1,31.46,Low
8.15,2,76.9,41.46,Low
6.98,2,63.0,52.58,Low
9.34,4,51.1,65.87,Low
5.49,2,66.3,63.55,Low
8.46,6,55.8,77.13,Medium
8.03,0,45.6,86.9,Medium
3.97,1,94.3,10.29,Low
4.1,1,90.6,16.54,Low
5.22,1,86.7,19.66,Low
3.98,1,83.3,20.45,Low
3.13,1,90.7,20.0,Low
7.58,1,77.2,34.62,Low
9.28,4,62.6,52.47,Low
9.12,3,53.5,68.78,Low
4.38,4,50.8,73.27,Medium
4.37,0,62.0,70.7,Medium
10.59,7,83.4,25.87,Low
4.43,1,68.8,33.36,Low
7.17,3,79.0,33.14,Low
7.63,7,73.3,41.72,Low
11.07,4,67.8,52.59,Low
4.33,1,51.2,60.13,Low
5.38,1,63.4,57.65,Low
9.57,0,71.9,59.02,Low
3.89,3,61.5,64.3,Low
4.08,0,63.2,65.04,Low
7.18,2,79.7,18.09,Low
8.8,5,82.3,26.0,Low
8.53,4,79.9,37.54,Low
3.24,1,75.6,40.24,Low
8.38,7,58.8,57.0,Low
4.54,1,64.6,56.09,Low
9.93,5,58.8,69.26,Low
3.0,3,44.7,76.68,Medium
7.1,5,45.8,83.14,Medium
3.83,0,46.6,82.17,Medium
3.0,2,90.6,14.34,Low
7.4,2,78.6,25.11,Low
7.52,1,74.5,30.62,Low
3.72,0,81.1,27.19,Low
3.8,0,88.8,25.59,Low
5.39,0,84.5,30.81,Low
8.11,0,72.9,40.63,Low
8.44,3,72.2,47.35,Low
3.0,0,61.0,54.32,Low
9.58,0,62.5,59.61,Low
3.0,1,89.7,11.9,Low
3.28,0,98.5,8.46,Low
3.0,0,85.9,13.77,Low
9.26,3,91.2,15.85,Low
8.73,5,89.4,20.71,Low
10.52,0,79.7,28.97,Low
8.19,7,71.4,36.7,Low
8.86,1,81.2,37.38,Low
5.51,0,75.5,40.28,Low
4.89,1,80.5,39.88,Low
11.13,4,88.7,17.44,Low
7.76,0,88.3,20.17,Low
4.15,1,89.7,20.5,Low
5.54,3,82.1,24.57,Low
6.11,1,73.6,29.81,Low
4.24,0,85.2,25.64,Low
10.57,3,78.3,33.81,Low
7.72,0,77.3,37.05,Low
8.52,2,72.8,41.84,Low
4.41,0,72.5,42.5,Low
9.82,1,92.6,14.68,Low
4.31,2,88.5,17.53,Low
3.0,1,98.3,13.0,Low
8.76,1,91.1,19.65,Low
9.02,2,81.8,28.38,Low
7.27,3,77.1,34.51,Low
4.9,2,79.1,34.9,Low
6.86,2,77.4,38.11,Low
4.43,2,75.2,40.22,Low
6.44,2,71.3,45.03,Low
8.33,2,87.4,14.95,Low
10.98,9,80.2,26.37,Low
6.69,0,79.8,28.29,Low
9.42,3,83.3,32.55,Low
9.61,4,75.1,41.99,Low
4.6,3,71.5,45.56,Low
4.42,1,75.1,45.44,Low
9.37,5,57.4,57.66,Low
5.46,0,58.3,58.12,Low
7.23,3,65.1,57.97,Low
5.74,0,96.0,8.94,Low
3.19,2,93.8,10.75,Low
4.58,1,83.1,17.83,Low
11.88,2,74.3,36.68,Low
4.04,1,79.4,36.75,Low
3.47,0,87.5,31.89,Low
8.41,3,66.6,50.7,Low
4.13,0,63.0,52.78,Low
4.42,0,70.0,51.43,Low
10.05,3,61.1,65.12,Low
9.2,2,87.6,17.89,Low
3.44,4,89.0,19.81,Low
8.51,2,93.3,22.38,Low
4.54,0,81.4,28.1,Low
7.69,3,74.7,34.72,Low
5.39,1,79.3,34.07,Low
5.53,0,69.4,40.84,Low
5.99,0,73.4,40.38,Low
8.68,4,61.6,49.53,Low
3.4,2,74.8,44.98,Low
8.3,3,82.2,20.88,Low
6.97,3,88.6,23.95,Low
10.61,4,66.1,46.42,Low
4.34,1,65.2,50.07,Low
3.09,0,76.4,46.8,Low
8.21,6,68.9,60.2,Low
4.75,0,44.5,74.74,Medium
6.45,5,53.7,77.76,Medium
7.37,1,55.2,83.77,Medium
8.55,0,40.0,96.31,Medium
4.67,0,96.5,8.22,Low
7.37,0,88.9,14.27,Low
4.73,4,84.7,18.85,Low
9.26,0,81.6,24.69,Low
9.0,3,83.9,29.7,Low
6.43,0,78.1,34.75,Low
8.73,3,66.9,43.62,Low
9.61,2,67.3,48.46,Low
5.55,0,72.1,48.67,Low
3.85,2,63.0,53.79,Low
5.63,2,93.8,12.97,Low
4.19,2,86.6,19.27,Low
5.84,1,85.6,21.98,Low
5.51,4,79.1,29.28,Low
8.01,0,84.0,31.68,Low
9.7,4,77.8,40.41,Low
9.14,2,69.9,49.1,Low
9.14,4,58.8,60.81,Low
5.61,1,61.9,61.05,Low
9.44,5,59.7,68.45,Low
9.07,0,84.9,20.31,Low
9.14,2,77.9,31.21,Low
5.15,1,78.2,32.48,Low
4.58,2,70.7,38.02,Low
3.0,1,77.5,35.84,Low
6.98,3,72.2,41.99,Low
7.6,4,65.4,50.28,Low
10.04,2,58.2,61.71,Low
4.29,2,57.1,63.69,Low
3.98,1,52.2,67.96,Low
8.9,6,81.9,27.52,Low
5.12,3,77.8,36.44,Low
8.11,3,69.6,47.39,Low
9.33,1,64.6,59.71,Low
8.98,2,58.3,71.25,Medium
3.94,1,52.3,75.26,Medium
4.59,0,50.6,78.72,Medium
4.8,3,45.7,85.42,Medium
5.23,2,43.4,89.24,Medium
4.24,0,44.1,91.05,Medium
7.33,1,89.7,14.01,Low
3.51,0,90.8,14.55,Low
10.48,4,79.4,29.03,Low
9.57,6,76.2,38.56,Low
5.27,0,70.2,42.39,Low
4.85,2,65.0,48.86,Low
6.01,0,62.8,53.17,Low
9.44,2,56.1,62.42,Low
5.1,0,60.3,63.37,Low
5.14,1,59.6,65.93,Low
3.69,0,92.2,8.88,Low
7.64,3,92.0,14.0,Low
3.0,0,88.6,15.61,Low
9.64,6,81.7,24.29,Low
5.4,1,89.8,22.03,Low
7.04,1,82.8,26.18,Low
9.45,2,88.7,28.47,Low
5.11,2,79.7,33.15,Low
4.56,2,78.6,35.24,Low
5.07,0,73.1,38.45,Low
7.56,0,87.4,22.51,Low
7.12,5,81.5,31.1,Low
6.8,5,64.4,47.37,Low
7.69,0,66.6,53.32,Low
3.26,2,69.9,52.13,Low
3.51,0,70.7,51.53,Low
9.27,2,61.4,63.9,Low
9.1,1,51.1,74.72,Medium
10.24,6,40.0,91.83,Medium
7.88,5,40.0,99.64,Medium
7.1,1,92.8,11.15,Low
3.53,5,80.2,20.4,Low
9.27,1,77.8,28.58,Low
4.55,1,77.4,30.29,Low
4.15,1,87.1,28.68,Low
3.52,0,75.7,34.58,Low
4.4,1,83.1,31.68,Low
3.52,0,83.4,32.94,Low
9.05,2,74.3,42.81,Low
8.11,4,77.2,47.78,Low
9.38,2,88.6,17.14,Low
9.21,4,89.0,22.02,Low
4.18,2,86.2,25.14,Low
5.62,0,90.9,24.13,Low
9.43,1,86.8,30.92,Low
4.7,0,75.0,37.17,Low
7.16,8,76.7,40.56,Low
4.23,2,71.7,43.55,Low
6.04,2,70.8,46.49,Low
7.98,1,62.7,53.64,Low
8.29,2,87.9,20.68,Low
9.31,4,78.0,38.45,Low
8.4,1,69.2,48.94,Low
7.1,4,54.1,64.65,Low
4.67,0,58.4,64.02,Low
5.35,2,56.6,69.92,Low
8.4,1,58.8,75.96,Medium
4.17,1,41.1,88.66,Medium
4.08,0,41.1,89.22,Medium
5.75,0,49.1,88.04,Medium
4.09,2,84.6,14.46,Low
5.31,0,91.4,16.47,Low
8.4,2,77.3,32.46,Low
6.79,6,64.5,49.64,Low
4.11,2,63.9,50.79,Low
6.72,3,62.6,57.53,Low
10.01,2,53.8,73.42,Medium
6.3,0,48.4,80.16,Medium
4.98,0,51.9,81.73,Medium
4.83,0,43.9,86.04,Medium
9.51,5,82.1,26.35,Low
4.44,1,84.0,26.31,Low
4.77,1,81.8,31.4,Low
5.24,2,83.5,34.61,Low
3.0,2,68.5,45.55,Low
7.59,3,57.5,60.18,Low
4.48,1,55.6,64.98,Low
6.94,0,60.9,67.92,Low
7.86,1,58.7,77.92,Medium
4.61,1,43.1,88.82,Medium
7.78,3,93.2,12.83,Low
8.62,4,77.5,24.42,Low
3.0,2,84.9,22.44,Low
4.33,0,80.6,24.29,Low
9.54,2,69.6,33.69,Low
6.65,1,79.5,32.67,Low
4.9,2,73.7,36.95,Low
7.17,1,76.9,38.5,Low
10.57,2,73.6,46.07,Low
8.15,4,58.8,56.17,Low
4.14,0,98.9,5.72,Low
4.78,4,90.0,10.5,Low
4.84,2,93.4,10.49,Low
5.29,2,88.3,14.37,Low
5.5,0,90.3,14.9,Low
9.14,5,85.4,21.82,Low
7.68,5,94.3,22.71,Low
8.09,2,70.6,35.5,Low
4.25,2,80.6,33.32,Low
3.0,1,85.9,31.28,Low
3.86,2,72.14111731843576,8.77,Low
7.87,6,84.0,26.24,Low
7.42,1,81.3,34.13,Low
4.55,1,70.7,44.62,Low
4.33,0,61.7,50.33,Low
3.85,0,75.4,44.27,Low
9.36,0,59.5,62.24,Low
8.86,1,40.0,80.18,Medium
8.66,4,45.1,89.83,Medium
8.65,1,40.0,42.54148043108337,Medium
9.92,6,76.6,28.85,Low
10.92,0,77.5,37.9,Low
9.48,3,65.0,50.19,Low
7.79,3,63.0,55.8,Low
9.72,5,47.4,71.52,Medium
3.68,3,55.5,69.04,Low
5.74,1,46.9,75.24,Medium
5.85,1,49.7,77.69,Medium
3.34,1,48.9,80.07,Medium
9.02,2,40.0,87.87,Medium
8.51,2,87.3,15.63,Low
9.2,6,79.7,25.96,Low
8.47,4,78.9,32.0,Low
10.38,3,72.9,42.01,Low
8.28,2,66.3,50.02,Low
10.57,4,59.8,61.17,Low
3.0,3,59.6,62.34,Low
4.96,2,63.9,63.49,Low
8.43,4,49.2,75.08,Medium
6.25,1,55.4,75.57,Medium
8.54,2,92.6,18.73,Low
6.48,3,89.4,26.4,Low
10.8,2,74.8,42.93,Low
8.27,2,57.5,56.48,Low
9.09,3,60.6,64.48,Low
3.11,2,59.8,68.22,Low
5.44,0,58.7,70.62,Medium
5.87,1,51.9,76.54,Medium
7.89,2,50.1,85.36,Medium
3.33,1,50.8,83.75,Medium
8.7,3,95.7,13.11,Low
5.87,0,94.2,14.96,Low
10.05,3,80.2,26.93,Low
3.51,1,75.8,28.57,Low
8.7,2,86.7,28.74,Low
3.1,1,81.6,31.15,Low
6.79,2,80.9,34.26,Low
6.1,2,67.7,42.12,Low
8.56,2,72.1,45.83,Low
10.25,4,59.9,55.23,Low
3.68,0,72.14111731843576,9.51,Low
3.64,1,97.0,11.56,Low
4.39,1,85.6,16.72,Low
5.52,2,96.7,17.13,Low
3.0,0,84.8,20.64,Low
8.05,4,80.0,32.11,Low
5.7,2,68.2,42.48,Low
3.0,0,68.6,42.11,Low
5.99,0,65.6,49.66,Low
5.73,0,77.0,48.9,Low
3.48,0,95.8,8.93,Low
8.3,0,98.9,10.96,Low
10.72,2,88.1,20.04,Low
3.0,1,83.0,22.05,Low
6.86,3,91.9,20.83,Low
4.87,0,77.1,28.06,Low
8.37,4,75.3,33.18,Low
3.11,2,91.6,28.14,Low
7.12,1,73.8,37.16,Low
5.5,1,81.1,35.68,Low
7.56,2,84.6,20.25,Low
5.91,2,79.1,27.75,Low
9.02,2,83.4,33.13,Low
3.81,1,85.2,33.32,Low
7.28,3,68.6,47.98,Low
8.73,3,60.1,59.14,Low
5.28,2,58.4,62.62,Low
3.42,0,70.0,56.96,Low
6.34,6,54.4,71.77,Medium
5.15,1,53.3,75.89,Medium
7.13,5,83.0,18.98,Low
4.47,0,95.3,14.84,Low
7.59,1,76.0,26.29,Low
4.6,0,89.8,20.52,Low
3.0,2,83.0,25.45,Low
3.0,0,92.8,20.97,Low
7.23,3,88.6,28.07,Low
6.51,0,74.3,37.99,Low
8.87,2,72.9,43.76,Low
5.43,1,70.1,48.01,Low
6.52,2,85.9,17.04,Low
5.74,1,86.3,20.57,Low
3.0,0,92.6,15.94,Low
9.76,7,75.3,34.11,Low
3.6,1,73.5,35.14,Low
8.92,2,77.5,39.95,Low
8.65,2,47.9,59.99,Low
8.85,3,68.7,60.37,Low
4.79,2,55.6,67.12,Low
7.6,4,59.4,71.06,Medium
3.65,1,95.5,7.11,Low
9.57,2,82.3,22.5,Low
3.74,1,85.7,23.74,Low
7.1,0,92.6,25.18,Low
4.6,1,77.0,35.63,Low
5.07,0,83.6,34.94,Low
8.08,3,66.9,49.85,Low
8.11,5,57.9,61.89,Low
3.49,1,55.5,64.18,Low
4.4,2,62.3,63.25,Low
9.82,2,79.4,22.2,Low
9.74,2,82.5,26.41,Low
9.09,2,86.4,29.34,Low
9.28,2,76.2,36.87,Low
4.63,0,73.3,39.41,Low
5.28,0,69.7,43.32,Low
7.02,3,67.4,47.47,Low
4.36,4,72.8,46.69,Low
3.0,1,66.0,50.24,Low
3.72,0,68.5,49.6,Low
7.83,2,96.0,15.45,Low
4.04,1,98.6,15.68,Low
5.98,3,86.6,28.55,Low
3.4,1,80.4,33.88,Low
5.78,0,77.6,39.13,Low
4.49,1,70.6,43.01,Low
4.21,1,67.0,45.66,Low
3.8,1,73.6,45.68,Low
4.85,0,64.0,52.15,Low
5.18,0,67.2,52.69,Low
8.78,2,82.4,24.68,Low
5.36,0,89.0,24.12,Low
10.76,4,67.5,44.09,Low
8.5,3,63.1,53.78,Low
4.34,2,73.2,52.46,Low
7.27,2,59.0,64.17,Low
7.46,2,54.3,71.46,Medium
7.93,2,49.8,80.23,Medium
6.21,2,43.6,89.25,Medium
5.41,1,40.0,94.95,Medium
8.37,3,81.8,26.39,Low
3.48,0,80.2,26.63,Low
3.0,2,86.4,25.52,Low
4.9,2,79.7,32.66,Low
9.68,2,65.6,49.26,Low
3.67,1,70.8,47.69,Low
8.74,5,49.4,67.85,Low
4.38,0,57.3,67.38,Low
8.41,4,40.0,85.55,Medium
5.76,0,40.0,89.96,Medium
7.46,2,76.6,19.27,Low
7.78,3,88.6,18.91,Low
4.4,2,79.3,24.84,Low
6.31,3,88.9,23.95,Low
5.38,2,79.4,30.5,Low
7.44,1,81.8,33.18,Low
6.25,0,81.4,35.87,Low
8.03,2,71.9,44.82,Low
5.24,2,71.6,47.12,Low
9.12,4,58.8,59.22,Low
5.11,1,89.7,13.75,Low
4.7,2,80.3,22.53,Low
7.09,2,80.2,29.21,Low
3.0,1,83.0,28.2,Low
8.52,1,77.4,37.44,Low
8.69,2,71.9,50.05,Low
5.18,3,62.2,58.85,Low
9.41,3,58.5,68.03,Low
10.83,2,40.0,87.57,Medium
3.0,0,51.0,81.62,Medium
3.0,0,88.5,10.57,Low
7.77,2,90.3,12.34,Low
8.92,1,100.0,11.75,Low
9.08,3,86.6,21.99,Low
8.55,3,82.2,28.06,Low
9.25,0,80.6,33.2,Low
9.26,5,84.1,37.49,Low
9.79,5,70.0,49.53,Low
5.28,3,68.1,52.81,Low
9.6,2,53.4,63.46,Low
3.0,1,89.6,11.87,Low
10.54,3,83.2,26.64,Low
7.1,4,67.4,43.1,Low
9.09,4,56.1,59.99,Low
3.67,2,61.1,59.27,Low
8.11,4,40.0,76.57,Medium
8.06,4,46.8,85.08,Medium
7.22,4,41.8,93.93,Medium
7.91,5,40.0,42.54148043108337,Medium
3.89,2,40.0,42.54148043108337,Medium
7.45,2,86.4,21.51,Low
5.19,0,85.2,24.65,Low
11.12,2,75.7,38.65,Low
3.92,1,70.8,42.83,Low
5.8,0,58.8,50.17,Low
5.4,1,70.0,48.3,Low
7.4,1,56.4,60.49,Low
6.95,0,60.6,67.21,Low
9.15,5,47.0,85.58,Medium
4.85,1,45.3,90.09,Medium
3.18,1,97.3,8.43,Low
8.02,4,86.5,18.74,Low
4.7,1,83.4,22.72,Low
8.27,1,78.5,29.73,Low
4.03,1,78.3,32.15,Low
7.0,2,75.4,38.44,Low
4.29,1,80.3,37.23,Low
8.49,2,73.0,45.37,Low
5.23,2,64.6,52.01,Low
5.26,1,61.4,55.32,Low
8.18,6,83.6,23.26,Low
8.84,2,72.7,34.31,Low
8.7,0,77.8,36.29,Low
5.01,0,81.3,36.98,Low
3.17,1,74.5,40.02,Low
9.82,3,64.3,50.61,Low
4.75,0,70.3,50.1,Low
4.85,0,63.7,55.83,Low
3.66,0,71.2,52.52,Low
10.28,6,56.7,67.31,Low
8.86,2,90.1,15.12,Low
3.43,1,89.2,16.91,Low
10.49,2,82.4,30.73,Low
10.4,2,73.0,44.1,Low
5.6,1,69.8,48.81,Low
9.36,1,69.6,56.18,Low
10.03,2,50.8,74.6,Medium
8.53,2,55.4,80.52,Medium
7.65,4,40.0,92.31,Medium
7.38,1,40.0,97.46,Medium
4.93,1,94.3,12.81,Low
9.45,4,91.0,17.86,Low
7.54,1,88.4,21.42,Low
5.93,2,82.9,26.15,Low
8.59,2,89.2,26.13,Low
3.0,3,83.9,28.36,Low
3.94,0,82.1,29.53,Low
7.3,3,84.5,30.91,Low
9.19,3,75.1,38.24,Low
7.67,4,72.3,42.73,Low
5.94,3,100.0,9.32,Low
7.14,0,88.1,19.51,Low
8.01,3,79.9,31.89,Low
4.57,0,76.5,34.82,Low
4.27,1,83.7,33.73,Low
8.86,4,68.9,48.94,Low
5.31,0,67.4,51.05,Low
3.17,2,84.2,43.62,Low
6.56,5,63.2,59.18,Low
4.04,0,60.9,61.82,Low
6.88,2,89.5,16.95,Low
8.79,3,77.3,29.66,Low
8.36,2,66.2,43.84,Low
7.25,4,62.3,54.55,Low
10.08,2,54.7,68.15,Low
8.2,4,52.6,77.49,Medium
5.11,0,49.4,82.34,Medium
7.69,5,40.0,96.6,Medium
7.97,0,40.0,42.54148043108337,Medium
8.42,4,40.0,42.54148043108337,High
9.45,2,84.9,22.68,Low
3.78,0,88.8,21.2,Low
5.56,0,77.4,27.89,Low
4.87,1,81.2,29.45,Low
5.64,1,89.0,27.91,Low
7.88,1,65.4,40.7,Low
8.19,4,68.1,44.78,Low
6.36,0,71.2,44.76,Low
5.07,0,64.1,49.65,Low
9.08,4,68.8,53.78,Low
8.01,4,83.0,23.03,Low
3.58,1,82.4,24.97,Low
10.38,2,82.0,34.89,Low
5.53,0,66.6,44.46,Low
5.68,4,72.9,48.0,Low
6.15,2,63.1,60.02,Low
8.97,2,52.5,74.25,Medium
5.98,1,50.4,81.22,Medium
7.86,2,44.6,91.0,Medium
5.41,2,40.0,97.69,Medium
8.85,1,79.8,24.11,Low
8.17,2,87.4,34.86,Low
9.69,2,61.1,58.17,Low
3.0,0,61.7,57.58,Low
8.14,2,51.5,69.76,Low
3.0,1,65.1,62.27,Low
6.44,1,49.3,75.62,Medium
3.0,1,56.7,70.23,Medium
4.65,1,58.6,73.76,Medium
4.26,0,50.6,80.14,Medium
3.08,2,72.14111731843576,4.88,Low
6.86,0,90.3,17.39,Low
3.79,2,78.9,23.31,Low
8.43,0,75.5,33.91,Low
4.35,1,82.5,34.8,Low
7.48,6,74.7,48.12,Low
6.8,4,55.9,64.16,Low
8.04,3,49.9,78.98,Medium
6.95,0,49.0,83.05,Medium
3.0,0,44.4,85.3,Medium
9.84,0,80.0,21.35,Low
9.48,5,85.4,28.01,Low
7.87,1,78.8,35.37,Low
7.27,1,78.6,39.61,Low
5.82,1,78.9,41.66,Low
6.51,1,70.3,49.02,Low
3.35,0,68.9,49.69,Low
4.63,0,69.3,51.46,Low
7.21,4,62.3,60.68,Low
7.08,2,52.6,69.3,Low
8.77,2,90.7,22.03,Low
10.21,5,76.2,41.97,Low
10.45,5,62.7,59.71,Low
5.84,0,63.8,63.69,Low
7.58,7,42.5,84.62,Medium
8.71,1,44.7,91.5,Medium
4.4,1,44.1,94.62,Medium
8.51,3,40.0,42.54148043108337,Medium
6.66,1,40.0,42.54148043108337,Medium
3.26,1,40.0,42.54148043108337,Medium
3.97,2,87.3,14.8,Low
4.53,0,91.3,13.8,Low
8.71,4,85.2,20.89,Low
8.55,2,96.9,19.77,Low
4.4,0,87.4,23.9,Low
6.54,4,79.7,30.79,Low
7.01,3,78.3,34.35,Low
9.65,2,77.7,38.22,Low
3.0,3,74.4,40.44,Low
8.5,4,71.7,46.39,Low
3.0,1,92.3,12.78,Low
3.51,1,86.3,15.15,Low
3.75,0,97.3,9.49,Low
3.51,3,87.3,17.28,Low
7.77,2,86.3,23.9,Low
5.72,0,85.2,29.52,Low
9.18,3,65.5,49.2,Low
8.35,0,67.0,55.89,Low
7.85,1,58.9,64.93,Low
8.32,2,48.7,78.96,Medium
3.0,1,80.0,14.37,Low
8.56,4,90.5,21.36,Low
7.47,3,82.4,32.74,Low
3.0,0,76.8,37.58,Low
3.48,1,79.9,36.86,Low
3.38,1,81.7,36.34,Low
4.86,0,73.2,39.29,Low
8.85,4,70.1,51.77,Low
4.6,3,59.1,61.88,Low
9.11,5,53.9,78.36,Medium
3.0,0,72.14111731843576,2.59,Low
4.45,2,92.4,12.62,Low
3.98,0,97.6,10.4,Low
4.54,0,77.2,21.93,Low
9.63,2,89.6,24.94,Low
9.18,3,72.5,39.38,Low
3.0,1,82.1,34.71,Low
9.32,2,67.0,49.36,Low
9.48,1,71.2,54.11,Low
3.33,4,56.8,59.81,Low
8.28,3,84.0,19.09,Low
3.0,1,82.7,20.97,Low
5.85,0,99.0,17.58,Low
8.67,5,75.0,36.22,Low
5.73,2,73.1,41.94,Low
3.89,0,82.4,38.01,Low
5.76,0,69.9,46.05,Low
10.44,3,59.8,60.69,Low
7.2,2,54.8,68.81,Low
5.9,0,55.0,72.55,Medium
5.2,0,98.4,10.99,Low
6.69,0,81.9,22.36,Low
8.31,5,76.9,35.77,Low
4.03,1,87.2,32.52,Low
5.38,2,66.6,45.26,Low
5.17,1,65.5,50.58,Low
5.31,2,57.9,58.92,Low
3.04,0,56.6,61.61,Low
8.36,0,60.3,66.23,Low
7.79,2,46.5,80.0,Medium
6.57,3,83.2,16.76,Low
10.19,5,86.9,22.36,Low
3.93,1,70.4,29.29,Low
6.91,3,91.4,23.2,Low
9.26,2,71.9,36.71,Low
3.55,0,72.7,36.19,Low
6.85,7,78.0,38.61,Low
9.46,5,66.4,49.04,Low
4.41,1,64.5,50.47,Low
9.32,2,64.8,54.58,Low
8.44,4,92.6,15.98,Low
5.3,0,86.0,20.06,Low
8.16,2,77.5,26.36,Low
4.66,1,87.0,22.9,Low
7.84,1,97.7,21.86,Low
10.59,3,80.0,33.27,Low
7.69,2,91.2,31.36,Low
7.7,2,80.4,39.84,Low
10.53,5,61.4,52.52,Low
6.6,0,62.5,53.31,Low
9.21,8,82.3,24.25,Low
6.1,0,83.5,28.17,Low
6.65,1,85.0,30.1,Low
6.32,1,70.2,38.66,Low
3.53,1,72.6,39.53,Low
3.0,1,81.1,35.46,Low
7.21,3,73.3,42.04,Low
4.95,0,77.0,41.58,Low
4.12,0,72.7,43.65,Low
7.91,2,63.1,54.28,Low
9.96,4,78.9,32.46,Low
3.0,0,78.8,34.96,Low
3.97,1,68.0,40.28,Low
10.15,1,76.4,46.9,Low
6.01,0,65.9,57.5,Low
4.27,0,65.9,61.97,Low
10.43,3,46.8,82.82,Medium
4.42,1,48.5,85.61,Medium
5.63,3,40.0,95.45,Medium
4.57,1,40.0,99.21,Medium
3.73,1,88.8,10.04,Low
6.64,0,88.9,13.42,Low
7.96,5,74.5,26.08,Low
9.27,6,78.4,31.49,Low
4.56,1,95.7,24.62,Low
5.0,1,79.2,32.67,Low
10.43,2,73.0,42.32,Low
4.93,2,76.4,43.56,Low
3.22,0,77.6,43.57,Low
10.02,2,68.7,52.78,Low
7.92,2,94.3,9.12,Low
3.52,0,84.9,13.01,Low
5.16,0,87.5,12.96,Low
8.08,5,86.1,17.18,Low
3.72,0,81.1,19.57,Low
6.86,2,74.0,24.5,Low
6.51,3,84.1,22.57,Low
9.55,7,75.6,31.15,Low
4.1,0,79.9,29.36,Low
4.53,1,82.2,29.35,Low
9.39,3,83.5,21.16,Low
5.03,0,80.5,23.39,Low
10.01,2,86.5,25.22,Low
3.26,0,85.2,26.47,Low
4.02,0,79.7,29.55,Low
9.98,7,75.8,37.46,Low
8.7,1,78.3,39.54,Low
7.93,4,69.2,46.42,Low
4.75,1,68.6,47.95,Low
5.7,2,68.7,49.31,Low
6.31,0,85.9,22.02,Low
10.17,5,75.7,41.18,Low
9.77,4,62.0,59.91,Low
4.11,0,56.8,63.08,Low
8.95,1,61.5,70.54,Medium
8.11,4,40.0,90.57,Medium
8.51,2,40.0,42.54148043108337,Medium
8.96,2,40.0,42.54148043108337,High
7.33,1,40.0,42.54148043108337,High
3.07,0,40.0,42.54148043108337,High
4.19,2,92.7,15.0,Low
10.79,1,84.4,24.14,Low
4.38,0,90.4,21.57,Low
4.05,1,87.4,23.71,Low
4.24,0,94.5,21.74,Low
8.4,2,86.5,29.78,Low
7.06,1,78.8,36.37,Low
6.44,3,72.7,41.61,Low
4.34,0,75.8,41.86,Low
9.65,5,76.8,45.8,Low
8.33,3,85.7,18.63,Low
9.42,2,80.8,29.84,Low
5.56,0,71.8,36.78,Low
8.54,3,70.2,47.77,Low
8.1,3,68.9,55.91,Low
6.15,1,63.2,63.51,Low
5.93,4,48.2,73.99,Medium
4.42,0,55.3,73.64,Medium
7.96,5,50.2,83.65,Medium
7.82,4,40.0,99.69,Medium
3.2,0,88.1,13.5,Low
4.31,4,84.9,17.3,Low
5.05,0,85.5,19.01,Low
3.0,0,85.6,20.55,Low
5.5,1,87.2,23.35,Low
4.72,1,81.0,28.72,Low
5.45,0,71.7,34.82,Low
5.49,1,84.2,31.39,Low
7.45,2,82.8,36.56,Low
8.36,0,66.7,47.94,Low
8.05,1,85.8,15.55,Low
3.06,2,90.2,15.8,Low
4.03,3,86.0,20.84,Low
3.08,0,92.9,18.37,Low
3.0,1,83.8,22.05,Low
4.94,1,89.6,23.62,Low
5.43,4,78.3,33.28,Low
7.76,0,72.7,40.83,Low
3.07,2,75.4,41.38,Low
9.24,4,67.2,53.59,Low
3.68,2,81.5,17.27,Low
6.38,0,99.1,11.32,Low
8.56,3,90.7,18.6,Low
6.65,2,90.4,21.18,Low
8.02,2,89.9,23.33,Low
4.97,2,82.0,27.89,Low
4.24,2,77.5,30.58,Low
4.52,0,85.2,28.12,Low
8.17,2,73.2,35.14,Low
7.4,2,77.4,35.91,Low
4.44,1,94.1,10.52,Low
8.72,8,86.8,19.19,Low
4.28,2,80.0,22.09,Low
7.3,1,87.4,22.55,Low
4.57,1,91.8,21.49,Low
3.83,2,83.9,25.18,Low
7.93,1,79.0,30.68,Low
8.12,5,78.3,36.63,Low
3.0,1,77.0,38.41,Low
3.26,1,84.1,35.71,Low
8.33,3,96.6,9.37,Low
5.39,0,86.9,13.88,Low
5.91,3,87.9,15.2,Low
8.35,4,86.6,19.29,Low
8.73,5,84.0,25.38,Low
9.07,4,80.8,31.07,Low
3.0,0,72.5,33.96,Low
8.63,5,77.8,36.37,Low
9.33,1,71.8,42.38,Low
3.0,0,64.7,45.06,Low
3.84,0,91.0,11.52,Low
10.26,2,88.3,17.04,Low
8.64,5,96.8,17.74,Low
5.28,2,82.2,25.98,Low
10.12,6,87.4,30.8,Low
3.38,1,83.1,32.85,Low
10.94,2,71.6,41.31,Low
7.6,2,72.3,43.83,Low
3.0,2,77.9,42.52,Low
5.1,1,80.2,43.03,Low
5.87,0,91.4,10.14,Low
4.62,1,95.4,9.52,Low
9.67,6,83.7,18.13,Low
6.5,1,95.0,14.65,Low
7.53,4,87.4,20.65,Low
9.46,3,73.3,30.4,Low
4.21,1,90.5,24.05,Low
11.09,2,74.6,34.78,Low
10.01,3,73.0,39.49,Low
5.36,1,69.6,42.02,Low
7.29,2,96.7,10.03,Low
5.63,0,92.0,18.28,Low
4.48,1,83.4,23.14,Low
8.09,3,84.2,30.56,Low
9.19,3,91.8,37.08,Low
9.4,3,68.7,57.21,Low
6.76,3,57.5,71.2,Medium
4.4,2,57.5,73.8,Medium
3.0,1,53.4,75.82,Medium
5.46,3,43.5,84.81,Medium
4.04,1,89.5,9.61,Low
3.83,0,83.6,16.07,Low
4.54,0,88.0,16.31,Low
11.4,5,78.1,38.19,Low
4.12,1,71.2,45.71,Low
3.07,1,60.0,52.03,Low
4.94,0,70.7,47.93,Low
5.78,1,63.8,57.87,Low
7.92,5,60.8,68.53,Low
6.3,3,50.4,79.11,Medium
3.75,1,98.8,6.19,Low
4.88,3,72.14111731843576,6.93,Low
5.38,0,90.0,13.19,Low
6.05,1,91.5,15.33,Low
8.67,4,80.8,25.42,Low
8.55,7,73.1,37.41,Low
4.66,1,75.1,36.71,Low
7.12,1,70.2,41.72,Low
9.14,2,70.0,47.42,Low
9.42,3,59.9,59.68,Low
3.32,1,72.14111731843576,5.42,Low
4.4,1,84.4,15.79,Low
3.25,0,92.0,12.06,Low
3.0,2,88.5,13.74,Low
3.32,1,91.3,14.18,Low
4.51,0,94.7,13.52,Low
6.56,0,78.9,24.25,Low
9.24,3,74.7,37.29,Low
4.9,1,71.9,43.19,Low
8.8,2,69.4,52.58,Low
6.04,6,85.7,20.67,Low
8.34,3,76.1,35.01,Low
9.62,4,70.4,51.84,Low
8.47,5,62.6,66.45,Low
4.7,1,63.0,68.74,Low
7.21,0,61.6,76.63,Medium
9.97,1,40.0,98.02,Medium
8.34,3,40.0,42.54148043108337,Medium
11.9,5,40.0,42.54148043108337,High
5.24,0,40.0,42.54148043108337,High
8.51,4,98.0,13.47,Low
8.68,3,81.3,24.09,Low
7.57,4,78.4,29.17,Low
8.12,0,86.1,29.23,Low
10.57,3,77.3,39.52,Low
4.92,1,64.4,45.43,Low
8.11,4,68.1,49.46,Low
9.37,1,65.5,55.36,Low
5.18,0,58.0,59.65,Low
4.53,2,63.1,58.54,Low
9.53,4,83.9,25.62,Low
6.02,0,81.8,31.34,Low
12.17,7,57.4,63.16,Low
8.96,6,49.0,81.17,Medium
9.66,7,40.0,42.54148043108337,Medium
9.44,3,40.0,42.54148043108337,High
9.61,1,40.0,42.54148043108337,High
3.79,1,40.0,42.54148043108337,High
4.69,1,40.0,42.54148043108337,High
3.54,1,40.0,42.54148043108337,High
6.0,5,85.0,22.38,Low
7.29,3,76.3,32.51,Low
7.93,4,76.9,42.37,Low
4.19,0,65.9,49.66,Low
4.85,1,56.1,55.21,Low
7.64,5,57.5,65.91,Low
5.11,0,56.5,67.25,Low
9.1,3,50.6,79.87,Medium
8.38,6,40.0,95.93,Medium
3.79,0,40.0,97.44,Medium
10.62,1,82.1,25.34,Low
3.92,1,89.9,25.04,Low
3.25,1,85.4,26.92,Low
8.57,2,69.7,42.79,Low
8.05,4,65.9,53.61,Low
4.14,3,66.4,56.36,Low
7.57,1,56.1,66.1,Low
4.44,0,55.2,66.77,Low
5.36,2,58.2,72.81,Medium
8.5,3,56.1,82.74,Medium
4.56,0,86.8,15.74,Low
7.19,2,82.9,19.8,Low
3.0,0,95.3,14.27,Low
9.54,4,87.0,22.67,Low
8.48,2,87.0,26.18,Low
3.15,1,80.5,29.18,Low
3.34,1,78.9,30.31,Low
5.27,2,83.8,30.1,Low
6.89,2,75.5,36.15,Low
10.31,2,78.4,39.33,Low
8.84,4,83.2,19.44,Low
9.45,1,87.0,26.72,Low
5.73,1,76.6,33.43,Low
8.23,3,72.5,43.12,Low
9.67,4,67.4,53.39,Low
8.67,2,48.4,68.09,Low
8.81,0,52.5,74.3,Medium
8.61,5,43.7,86.11,Medium
3.73,0,44.6,88.04,Medium
8.13,4,40.0,98.6,Medium
3.88,1,90.8,10.02,Low
7.85,1,94.4,12.16,Low
9.41,3,84.5,20.39,Low
4.35,0,81.1,21.81,Low
7.44,3,85.5,23.82,Low
9.85,2,84.4,28.98,Low
5.44,1,82.3,31.09,Low
7.24,4,73.3,38.79,Low
4.31,2,71.8,40.87,Low
6.31,0,70.4,43.27,Low
4.45,1,93.9,7.38,Low
5.31,0,92.3,11.81,Low
9.24,2,76.3,27.1,Low
4.13,0,77.9,29.82,Low
8.98,4,65.6,46.35,Low
4.28,1,60.3,50.88,Low
7.76,2,71.6,53.85,Low
9.61,5,54.2,72.57,Medium
3.0,2,64.4,70.7,Medium
4.67,0,57.0,73.12,Medium
3.12,2,72.14111731843576,2.5,Low
5.51,3,84.7,15.59,Low
8.15,3,87.0,21.89,Low
3.28,0,81.9,22.08,Low
7.87,3,79.7,29.0,Low
5.55,0,77.0,31.54,Low
9.4,5,75.7,41.46,Low
3.51,1,74.1,43.26,Low
7.83,1,80.0,45.69,Low
8.2,7,57.2,64.02,Low
9.47,6,84.3,22.36,Low
8.1,3,84.5,25.8,Low
8.03,3,80.1,33.3,Low
3.0,1,76.6,34.1,Low
3.88,1,77.2,34.59,Low
5.86,0,81.6,35.02,Low
5.73,1,73.6,41.53,Low
5.7,1,67.7,46.63,Low
7.83,1,66.1,51.97,Low
6.36,0,64.1,54.98,Low
5.86,0,85.7,21.77,Low
7.78,2,79.4,31.75,Low
10.02,5,66.8,52.19,Low
3.23,1,69.3,49.35,Low
9.29,1,62.8,62.26,Low
10.56,7,40.0,89.13,Medium
3.64,0,40.0,91.88,Medium
3.14,1,40.0,95.12,Medium
5.57,1,40.0,42.54148043108337,Medium
3.25,0,40.0,42.54148043108337,Medium
4.92,2,88.5,19.71,Low
6.87,5,85.0,32.52,Low
6.5,2,71.3,47.08,Low
3.88,1,75.1,45.6,Low
6.05,1,67.3,53.69,Low
5.75,1,55.1,66.77,Low
4.19,2,53.5,71.42,Medium
10.78,4,42.7,89.68,Medium
4.47,1,42.4,91.23,Medium
9.65,2,40.0,42.54148043108337,Medium
3.4,0,96.6,10.19,Low
7.33,3,86.7,20.68,Low
3.99,0,83.0,23.75,Low
7.1,0,82.3,28.03,Low
6.23,1,75.9,32.78,Low
8.29,1,76.1,39.57,Low
3.0,3,69.3,45.88,Low
9.27,3,55.5,62.09,Low
9.06,2,57.4,68.13,Low
3.03,1,57.1,69.49,Low
6.36,2,87.0,18.87,Low
4.89,0,89.4,19.47,Low
7.94,1,80.0,28.77,Low
10.96,5,69.2,41.22,Low
9.39,7,69.7,47.92,Low
8.99,4,63.7,56.55,Low
9.39,0,55.6,63.93,Low
7.54,4,51.5,71.49,Medium
5.52,0,53.4,73.9,Medium
5.53,0,50.6,77.47,Medium
7.04,1,85.0,19.66,Low
10.14,1,73.1,36.45,Low
8.22,4,65.4,47.51,Low
7.87,3,70.3,53.07,Low
4.95,0,59.3,59.79,Low
9.09,4,50.8,74.45,Medium
4.23,0,46.9,76.12,Medium
6.15,2,54.8,76.94,Medium
3.64,1,52.4,78.92,Medium
7.47,5,40.0,91.8,Medium
9.91,4,87.4,16.18,Low
10.47,2,81.2,27.92,Low
9.13,2,72.7,38.36,Low
9.36,3,70.4,48.09,Low
3.25,1,72.8,47.67,Low
9.16,3,67.0,57.39,Low
8.12,4,55.1,69.23,Low
9.93,2,50.5,78.55,Medium
6.29,1,50.3,82.2,Medium
5.79,3,48.2,86.77,Medium
5.28,1,95.3,10.29,Low
3.89,1,91.0,15.73,Low
3.0,2,80.5,21.14,Low
3.93,1,98.3,16.45,Low
7.82,1,72.4,31.76,Low
6.59,2,70.2,39.97,Low
4.58,1,72.2,40.01,Low
10.88,4,70.7,49.42,Low
8.94,5,62.4,62.01,Low
8.5,5,53.2,74.09,Medium
5.58,1,92.3,16.19,Low
8.41,2,74.5,33.11,Low
8.12,4,69.7,43.21,Low
5.13,1,74.1,45.29,Low
9.66,3,63.3,59.41,Low
3.79,1,60.9,60.93,Low
4.95,0,71.5,57.43,Low
5.7,2,59.2,66.62,Low
3.24,0,63.1,64.57,Low
3.56,2,57.4,68.05,Low
10.11,3,81.0,19.03,Low
3.0,3,87.1,17.32,Low
3.0,1,92.6,16.21,Low
8.2,4,95.5,17.79,Low
3.52,0,83.5,22.67,Low
7.79,4,85.7,25.95,Low
5.32,1,83.8,28.06,Low
3.88,1,85.5,28.2,Low
6.47,1,71.8,36.28,Low
3.35,1,69.6,37.52,Low
8.82,3,91.2,15.76,Low
5.64,0,87.8,18.25,Low
7.6,4,90.1,20.38,Low
5.44,1,72.9,28.62,Low
9.46,5,71.0,33.26,Low
8.25,3,76.3,34.08,Low
8.18,1,77.5,36.3,Low
4.48,1,83.4,34.47,Low
6.58,3,77.8,39.02,Low
5.07,3,72.1,42.31,Low
3.0,0,93.9,12.46,Low
3.0,2,89.0,15.63,Low
5.21,1,91.8,20.08,Low
7.12,1,87.6,27.37,Low
9.63,2,74.3,46.6,Low
3.05,0,77.4,44.49,Low
7.44,2,60.0,61.67,Low
5.94,0,61.0,63.23,Low
7.61,3,40.1,83.04,Medium
8.87,2,40.0,95.23,Medium
8.22,5,85.8,25.39,Low
4.93,1,81.4,31.1,Low
3.0,2,93.6,26.77,Low
4.84,1,76.3,37.42,Low
8.67,1,66.5,51.48,Low
6.95,5,55.5,64.5,Low
5.06,3,50.9,74.62,Medium
4.28,1,50.4,75.35,Medium
7.64,3,44.2,84.59,Medium
8.17,4,40.0,97.31,Medium
3.57,1,97.0,6.89,Low
7.97,7,92.1,15.84,Low
8.58,3,87.3,26.74,Low
9.74,3,72.5,40.5,Low
3.29,0,71.8,41.49,Low
5.52,1,72.1,43.91,Low
8.31,2,66.3,50.88,Low
3.34,0,73.5,47.68,Low
8.11,2,55.9,62.42,Low
3.26,2,55.1,65.18,Low
7.9,1,90.6,15.48,Low
3.15,2,90.9,15.49,Low
9.28,1,79.2,22.94,Low
5.18,3,88.7,20.86,Low
8.63,3,88.1,25.2,Low
3.73,1,77.6,29.26,Low
8.32,3,83.7,31.15,Low
3.18,1,78.5,33.63,Low
4.74,2,67.4,40.14,Low
4.95,0,81.9,35.29,Low
9.51,2,79.8,24.22,Low
10.42,6,86.0,27.97,Low
4.8,1,82.0,32.72,Low
7.88,3,70.4,42.02,Low
8.36,2,71.1,46.7,Low
4.75,1,69.6,48.29,Low
5.01,1,64.0,52.76,Low
3.81,5,60.2,57.92,Low
4.27,1,64.2,57.65,Low
3.4,1,61.2,59.97,Low
8.77,5,75.8,24.89,Low
8.27,0,88.3,22.44,Low
5.11,1,81.6,26.93,Low
9.73,0,84.4,29.59,Low
4.32,1,79.2,32.79,Low
8.71,3,80.1,36.46,Low
5.95,0,71.9,42.19,Low
3.32,2,79.7,40.59,Low
4.2,1,72.4,43.63,Low
3.61,2,64.1,47.4,Low
3.55,1,84.5,15.79,Low
9.62,2,90.2,22.03,Low
9.29,1,70.3,40.19,Low
5.26,0,75.1,39.65,Low
3.86,0,61.4,48.26,Low
9.09,10,63.3,63.32,Low
9.2,6,55.1,76.33,Medium
5.06,1,49.1,81.99,Medium
4.37,1,40.0,87.23,Medium
3.0,2,46.5,85.75,Medium
8.49,6,87.2,23.44,Low
4.63,0,84.0,25.18,Low
3.7,2,88.3,23.63,Low
9.7,1,81.7,34.13,Low
5.18,1,72.1,40.67,Low
10.01,4,65.9,51.77,Low
8.54,2,57.8,61.56,Low
10.52,1,57.6,69.4,Low
5.32,2,55.5,73.23,Medium
8.85,3,47.4,83.11,Medium
4.94,1,85.8,15.33,Low
8.64,3,86.9,18.9,Low
9.15,4,82.6,24.21,Low
8.47,5,81.1,28.35,Low
8.23,3,82.7,30.21,Low
3.0,1,84.7,28.81,Low
6.14,3,82.3,32.3,Low
7.1,3,83.3,34.42,Low
4.2,2,73.2,39.25,Low
7.5,2,76.7,39.89,Low
3.24,0,91.7,11.06,Low
4.2,2,97.7,9.76,Low
8.73,4,80.4,29.7,Low
9.56,5,79.0,41.68,Low
8.73,3,66.5,56.22,Low
3.0,0,74.4,53.51,Low
8.44,0,48.6,70.17,Medium
9.28,3,53.9,80.0,Medium
6.17,2,54.1,83.74,Medium
8.85,6,40.0,42.54148043108337,Medium
3.06,0,93.3,9.97,Low
5.62,4,97.0,13.57,Low
9.88,1,71.4,35.85,Low
9.27,6,69.8,50.13,Low
4.13,0,76.3,47.55,Low
4.35,1,68.9,54.51,Low
9.24,5,46.8,77.34,Medium
5.41,0,50.2,78.73,Medium
9.94,4,40.0,95.2,Medium
5.23,0,40.0,98.09,Medium
6.63,4,80.8,19.56,Low
7.13,3,92.8,17.98,Low
7.69,7,85.6,24.33,Low
7.52,0,73.0,32.62,Low
3.02,1,79.1,31.13,Low
5.76,1,71.7,34.98,Low
10.6,1,89.8,32.4,Low
5.9,0,90.2,34.9,Low
10.31,5,65.3,50.73,Low
8.47,7,62.2,56.46,Low
7.75,1,92.4,11.28,Low
3.0,1,84.5,14.26,Low
8.55,4,86.0,19.48,Low
9.83,3,83.1,26.72,Low
7.21,1,82.0,29.52,Low
5.09,1,80.9,31.96,Low
4.21,2,72.6,37.55,Low
8.53,3,72.8,42.22,Low
9.31,1,69.0,49.68,Low
6.14,2,62.8,54.42,Low
4.15,0,88.6,11.49,Low
5.85,3,90.5,19.75,Low
4.39,2,89.1,23.95,Low
3.93,1,77.3,32.43,Low
4.57,1,89.5,28.99,Low
8.52,6,66.9,53.04,Low
6.21,1,69.7,56.62,Low
10.18,3,50.4,77.91,Medium
4.16,0,48.6,81.45,Medium
3.93,2,40.2,89.0,Medium
5.82,3,86.6,21.77,Low
5.91,1,89.8,22.56,Low
5.84,2,80.4,32.59,Low
8.07,3,62.0,48.7,Low
9.04,4,53.1,64.79,Low
4.51,0,56.0,65.79,Low
8.43,1,52.9,73.76,Medium
4.19,0,54.5,72.62,Medium
3.6,0,48.7,76.44,Medium
7.94,6,40.0,90.87,Medium
4.9,4,83.6,18.46,Low
6.0,2,83.7,24.62,Low
5.59,1,91.8,22.17,Low
3.54,1,88.0,25.04,Low
6.61,0,76.4,32.5,Low
5.68,0,78.3,36.38,Low
8.91,1,67.3,46.57,Low
8.53,2,60.2,59.22,Low
3.44,2,55.9,63.36,Low
5.02,0,59.6,62.73,Low
10.69,3,93.3,18.76,Low
5.63,1,86.1,24.22,Low
9.92,4,78.1,32.19,Low
7.08,0,84.9,31.98,Low
3.99,2,81.3,34.33,Low
3.88,0,72.1,38.09,Low
7.46,5,75.6,41.47,Low
10.42,4,66.6,50.29,Low
8.34,2,63.1,55.04,Low
3.59,3,71.8,52.16,Low
8.21,0,87.2,18.58,Low
9.62,1,83.3,25.7,Low
9.09,3,84.5,29.84,Low
10.87,3,75.9,38.49,Low
9.75,3,70.7,45.3,Low
5.05,0,70.8,46.45,Low
8.63,3,62.5,54.18,Low
5.15,0,64.8,54.82,Low
3.54,1,64.6,55.93,Low
5.96,2,64.5,58.93,Low
6.51,5,72.14111731843576,7.04,Low
5.86,2,95.7,11.88,Low
8.06,5,89.6,20.01,Low
4.3,3,80.9,24.57,Low
8.47,6,80.0,30.29,Low
4.04,1,80.8,31.07,Low
9.82,1,68.2,41.36,Low
7.06,1,78.2,41.43,Low
3.5,2,70.8,44.33,Low
9.91,5,77.3,48.81,Low
4.03,0,91.1,11.57,Low
10.85,3,78.6,23.35,Low
6.24,1,82.7,25.19,Low
6.37,1,81.1,29.69,Low
6.65,1,73.5,35.89,Low
7.16,0,68.5,40.44,Low
10.16,1,72.1,44.96,Low
8.49,3,67.8,51.12,Low
4.77,1,71.7,50.07,Low
9.25,2,69.9,55.86,Low
8.08,3,84.9,19.53,Low
5.85,0,89.6,22.51,Low
4.41,0,74.3,33.06,Low
7.85,2,75.3,41.46,Low
3.0,0,71.8,45.51,Low
5.4,1,66.9,52.92,Low
7.45,3,56.6,67.2,Low
5.3,1,52.7,73.2,Medium
7.02,1,49.1,81.9,Medium
8.98,3,41.6,94.99,Medium
9.58,4,92.5,18.68,Low
6.54,3,85.7,24.71,Low
6.9,4,81.0,31.74,Low
6.22,1,72.7,36.6,Low
5.22,2,70.8,41.58,Low
9.3,3,72.5,46.76,Low
3.79,0,66.6,50.11,Low
5.0,2,64.5,51.38,Low
6.94,1,59.1,57.35,Low
9.23,4,61.0,63.04,Low
5.56,0,86.9,16.31,Low
7.56,2,93.4,22.75,Low
4.0,4,83.0,31.75,Low
3.0,2,80.5,33.95,Low
8.29,1,66.7,50.63,Low
8.79,1,63.6,59.63,Low
9.6,3,47.1,77.88,Medium
9.19,2,43.4,87.83,Medium
5.73,0,43.3,91.76,Medium
4.81,0,40.0,96.1,Medium
5.31,0,88.8,10.93,Low
9.44,6,94.8,13.34,Low
8.54,6,81.9,22.53,Low
4.59,2,91.9,19.8,Low
5.1,0,79.6,25.21,Low
5.22,1,91.2,21.27,Low
11.38,2,81.0,30.42,Low
8.66,0,77.8,34.2,Low
3.87,1,76.4,35.9,Low
10.61,4,72.5,43.06,Low
4.68,1,95.3,10.45,Low
6.44,6,91.0,16.7,Low
3.62,1,98.0,14.68,Low
4.43,2,83.8,21.89,Low
5.77,1,86.2,23.86,Low
4.17,3,78.9,28.95,Low
8.69,3,84.9,30.46,Low
10.0,3,77.1,38.82,Low
8.34,3,66.6,48.08,Low
4.31,1,69.0,49.05,Low
3.3,2,93.3,10.63,Low
9.13,3,87.9,20.25,Low
8.31,2,84.6,26.2,Low
6.32,0,78.4,31.73,Low
3.0,1,73.3,34.52,Low
3.82,1,81.7,31.51,Low
4.63,0,72.8,37.1,Low
5.17,0,76.3,38.0,Low
9.42,2,69.8,47.61,Low
4.18,1,65.9,51.26,Low
3.04,0,72.14111731843576,8.78,Low
8.41,3,90.0,17.92,Low
4.83,0,94.2,17.14,Low
9.89,2,84.1,26.88,Low
8.57,1,74.4,34.01,Low
5.05,0,82.2,32.08,Low
4.78,2,74.8,36.05,Low
6.05,0,83.6,35.15,Low
6.51,2,79.1,39.19,Low
7.96,1,75.1,44.52,Low
10.06,3,90.0,21.92,Low
6.13,0,74.3,34.53,Low
3.0,0,79.7,32.69,Low
5.0,0,79.8,35.17,Low
8.96,1,73.5,45.51,Low
9.72,5,70.8,57.0,Low
3.49,0,60.3,61.35,Low
8.92,3,49.7,74.24,Medium
4.11,2,43.2,78.27,Medium
3.22,0,49.5,76.41,Medium
6.5,5,87.1,20.52,Low
8.82,2,80.9,28.16,Low
4.43,2,83.2,28.94,Low
6.07,2,81.6,33.41,Low
3.7,0,77.1,34.75,Low
9.52,2,72.8,41.92,Low
10.32,2,64.8,52.22,Low
3.0,1,73.4,50.28,Low
8.7,4,64.0,59.18,Low
6.81,4,51.8,69.7,Low
7.24,5,79.4,23.44,Low
4.27,1,88.6,22.35,Low
7.28,2,76.6,32.97,Low
9.54,5,76.0,45.94,Low
8.51,1,59.0,61.81,Low
3.0,0,52.8,65.89,Low
5.37,1,59.4,66.35,Low
3.55,0,47.6,74.36,Medium
4.92,1,47.7,76.42,Medium
4.94,2,55.2,77.21,Medium
4.86,1,87.0,16.48,Low
3.0,0,82.2,20.16,Low
5.78,2,98.3,15.8,Low
3.56,3,88.5,23.44,Low
3.14,1,76.6,27.2,Low
8.97,1,73.2,33.98,Low
5.3,0,78.7,33.85,Low
4.2,0,75.3,36.44,Low
9.13,1,71.7,45.36,Low
6.36,0,63.9,52.42,Low
3.71,0,88.3,13.5,Low
5.69,1,82.5,18.41,Low
4.47,0,84.6,18.57,Low
5.68,3,80.9,23.67,Low
5.71,1,89.6,23.11,Low
6.33,0,73.5,31.91,Low
4.7,0,89.8,26.3,Low
3.92,2,74.6,34.07,Low
8.93,2,74.6,38.14,Low
4.38,0,70.7,40.76,Low
